nike,tom sachs poncho
nike,tom sachs poncho
nike,off-white training collection
nike,off-white training collection
nike,pigalle collection
nike,pigalle
nike,pigalle
nike,pigalle
converse,pigalle
nike,pigalle collection
nike,pigalle collection
nike,pigalle collection
nike,pigalle collection
converse,pigalle chuck
jordan og sp,melody ehsani
jordan og sp,melody ehsani
jordan og sp,melody ehsani
jordan brand,dior
nike,undercover fishtail parka
nike,undercover react boot
nike,undercover react boot
nike,undercover
nike,undercover
nike,mmw
nike,mmw
nike,mmw
nike,mmw
nike,mmw
nike,mmw
nike,mmw
nike,mmw joyride
nike,mmw joyride cc3 setter
nike,mmw joyride cc3 setter
nike,mmw
nike,mmw joyride
nike,mmw joyride cc3 setter
converse,golf
converse,golf
nike,off-white vapor
nike,off-white vapor
nike,off-white vapor
nike,off-white zoom terra kiger
nike,off-white zoom terra kiger
nike,off-white zoom terra kiger
nike,off-white zoom terra kiger
nike,off-white vapor
nike,cpfm
jordan og sp,melody ehsani
jordan og sp,melody ehsani
jordan og sp,melody ehsani
nordstrom,nike
nordstrom,nike
nike,sacai
nike,sacai
nike,sacai
nike,sacai ldwaffle
nike,sacai
nike,sacai
nike kyrie,spongebob squarepants
jordan og sp,melody ehsani
jordan og sp,melody ehsani
jordan og sp,melody ehsani
nike sb,parra collection
nike,mmw free tr
nike,mmw free tr
jordan og sp,melody ehsani
jordan og sp,melody ehsani
jordan og sp,melody ehsani
nike,ambush®
nike,ambush®
nike,koché
converse,takahiromiyashita thesoloist
patta,jordan
patta,jordan collection
nike,undercover su19 collection
nike,undercover
nike,undercover daybreak
nike,undercover
nike,sacai ldwaffle
nike,sacai ldwaffle
nike,sacai ldwaffle
nike,sacai ldwaffle
nike,sacai ldwaffle
nike,sacai blazer mid
nike,sacai blazer mid
nike,sacai blazer mid
nike,cpfm vapormax
nike,cactus
nike,cpfm vapormax
nike,cpfm vapormax
nike,cpfm vapormax
nike,cpfm vapormax
nike,cpfm vapormax
nike,cpfm vapormax
koché,feng chen wang,faith connexion
koché,feng chen wang,faith connexion
nike,ambush®
nike,ambush®
nike,atmos
nike,atmos
nike,clot
nike,clot
nike,cpfm
nike,cpfm
converse,a
missing link,nike
missing link,nike
missing link,nike
missing link,nike
missing link,nike
missing link,nike
missing link,nike
missing link,nike
missing link,nike
converse,golf
converse,golf
nike,heron preston huarache e.d.g.e.
nike,heron preston huarache e.d.g.e
nike,mmw
converse,jw anderson run
converse,jw anderson run
converse,jw anderson run
converse,p.a.m.
nike,c.e
nike,cav empt
converse,vince staples thunderbolt
nike,martine rose
nike,ambush® collection
nike,ambush®
nike,ambush®
nike,ambush®
nike,ambush®
concepts,kyrie
concepts,kyrie
union,air jordan
union,air jordan
nike,a–cold–wall* capsule collection
nike,a–cold–wall* capsule collection
nike,a–cold–wall* parka
nike,a–cold–wall*
nike,a–cold–wall*
nike,a–cold–wall* capsule collection
nike,a–cold–wall* capsule collection
converse,brain dead chuck
converse,brain dead hooded bomber jacket
converse,brain dead hooded bomber jacket
converse,brain dead hooded bomber jacket
converse,brain dead oversize bananas sweatshirt
converse,brain dead oversize bananas sweatshirt
converse,brain dead
converse,brain dead utility duffel
converse,brain dead
converse,jw anderson
jordan og sp,melody ehsani
jordan og sp,melody ehsani
jordan og sp,melody ehsani
jordan brand,paris saint-germain phantomvsn
jordan brand,paris saint-germain mercurial vapor
jordan brand,paris saint-germain
jordan brand,paris saint-germain
jordan brand,paris saint-germain
converse,just don erx hi
carmelo anthony,rag
carmelo anthony,rag
carmelo anthony,rag
carmelo anthony,rag
carmelo anthony,rag
carmelo anthony,rag
carmelo anthony,rag
carmelo anthony,rag
carmelo anthony,rag
carmelo anthony,rag
jordan brand,carmelo anthony,rag
hfr,lebron
hfr,lebron
hfr,lebron
hfr,lebron
hfr,lebron
hfr,lebron
converse,suicidal tendencies
converse,dr
converse,dr
converse,dr
converse,dr
converse,dr
converse,dr
converse,dr
converse,dr
converse,dr
converse,dr
converse,dr
nordstrom,nike
lebron james,john elliott icon qs
lebron james,john elliott nitrogen pant
nike,mmw men
nike,mmw
nike,parra am1
nike,parra zoom spiridon
nike,parra tracksuit
converse,midnight studios
converse,midnight studios
converse,midnight studios
nike,off-white
nike,off-white
nike,off-white zoom fly mercurial flyknit
nike,off-white t-shirt
nike,off-white pullover hoodie
nike,off-white mercurial touch elite goalkeeper gloves
nike,off-white
nike,off-white
nike,off-white away soccer jersey
nike,off-white
nike,kim jones
nike,kim jones knit short-sleeve soccer jersey
nike,kim jones soccer shorts
nike,kim jones short-sleeve soccer jersey
nike,kim jones soccer shorts
nike,kim jones n98 jacket
nike,kim jones soccer shorts
nike,kim jones
nike,kim jones
jordan og sp,melody ehsani
jordan og sp,melody ehsani
jordan og sp,melody ehsani
converse,jw anderson
converse,jw anderson
vapormax,acronym®
antihero,nike sb
nike,rt af-1
nike,rt
nike,rt
nikelab,rt
nikelab,rt
converse,vince staples
converse,dr
converse,patta,deviation converse essentials
patta,deviation
converse,jw anderson
converse,jw anderson
acg,pendleton mowabb
vapormax,virgil abloh
presto,virgil abloh
presto,virgil abloh
nike blazer,virgil abloh
low,virgil abloh
nike zoom vaporfly,virgil abloh
converse chuck taylor,virgil abloh
jordan i,virgil abloh
vapormax,virgil abloh
