nike sb,oski drop orange label collection
nike,undercover
nike,mmw
travis scott,jordan brand collection
nike,sacai takes running
nike,mmw free tr
patta,jordan collection
nike,undercover su19 collection
nike,sacai ldwaffle
nike,cpfm vapormax
nike,ambush®
converse,asap nast jack purcell
missing link,nike
converse,golf
converse,jw anderson run
converse,perks
union,air jordan capsule celebrates
nike,a–cold–wall* capsule collection
converse,brain dead collaboration
jordan brand,carmelo anthony,rag
row,lebron
converse,suicidal tendencies collection
converse,dr
nike lebron james,john elliott collection
converse,jw anderson chuck
nike,parra
converse,midnight studios chuck
converse,virgil abloh chuck
anderson,converse new_classics chuck
converse,vince staples chuck
converse,dr
jordan brand,levi
pendleton,nike mowabb
star,golf
nikelab,undercover sfb jungle dunk
nikelab,sacai
nikelab,sacai fall/holiday
nikelab,sacai
nikelab,sacai brings
nikelab,sacai
nike,undercover dunk sky hi collection
nike,roundel
nike,liberty collection
nike,undercover
