nike,off-white training collection
nike,mmw free tr
converse,takahiromiyashita thesoloist
nike,sacai ldwaffle
nike,sacai blazer mid
nike,cpfm vapormax
nike,ambush®
missing link,nike
converse,jw anderson run
nike,cav empt
converse,vince staples thunderbolt
nike,martine rose
nike,ambush®
union,air jordan
nike,a–cold–wall* capsule collection
converse,brain dead
converse,jw anderson
jordan brand,carmelo anthony,rag
hfr,lebron
converse,dr
nike lebron james,john elliott icon qs
nike,mmw
2,acronym® releases
converse,jw anderson
nike,rt
converse,vince staples
converse,dr
converse,patta,deviation
acg,pendleton mowabb
nikelab,sacai fall/holiday
