1,niketom sachs poncho
2,
3,nikeoff-white training collection
4,
5,conversepigalle chuck
6,
7,jordan og spmelody ehsani
8,jordan branddior
9,nikeundercover
10,nikemmw joyride cc3 setter
11,conversegolf
12,nikeoff-whitevapor streetandreleases november
13,jordan og spmelody ehsani
14,
15,nordstromnike
16,
17,
18,nikesacai
19,jordan og spmelody ehsani
20,nike sbparra collection
21,
22,jordan og spmelody ehsani
23,nikekoché
24,conversetakahiromiyashita thesoloist
25,vincent.the pattajordan collection
26,inauguralnikeundercover collection
27,nikesacai ldwafflenike
28,nikecpfm vapormax
29,
30,kochéfeng chen wang
31,nikeambush®
32,
33,nikecpfm
34,conversea
35,missing linknike
36,
37,conversegolf
38,
39,nikeheron preston huarache e.d.g.e.
40,nikemmwcollection
41,conversejw anderson run
42,conversep.a.m.
43,
44,feltwell.the nikecav empt
45,conversevince staples thunderbolt
46,nikemartine rose
47,nikeambush®
48,
49,conceptskyrie
50,
51,
52,
53,unionair jordan
54,nikea–cold–wall
55,
56,conversebrain dead
57,
58,
59,
60,jordan og spmelody ehsani
61,
62,jordan vthejordan brandparis saint-germain
63,conversejust don erx hi
64,
65,
66,jordan brandcarmelo anthony
67,hfrlebron
68,conversesuicidal tendencies
69,woo.the conversedr
70,
71,nordstromnike
72,lebron jamesjohn elliott nitrogen pant
73,
74,conversejw anderson chuck
75,jacketthe nikemmw
76,nikeparra tracksuit
77,conversemidnight studios
78,levis®air jordan iv
79,highnikekim jones
80,
81,conversemiley cyrus
82,conversevirgil abloh chuck
83,jordan og spmelody ehsani
84,conversejw anderson
85,
86,vapormaxacronym®
87,
88,antiheronike sb
89,
90,
91,
92,nikelabrt
93,
94,
95,conversevince staples
96,cappellothe conversedr
97,
98,
99,pattadeviation
100,
101,conversejw anderson
102,acgpendleton mowabb
103,
104,inc.virgil abloh
105,
106,
107,
108,
109,
110,
111,
112,
113,
114,
115,converse chuck taylorvirgil ablohthe ten
116,vapormaxvirgil abloh
117,
118,stargolf
119,
120,
121,
122,
123,
124,
125,
126,
127,
128,
129,swair jordan
130,nikeundercover sfb jungle dunk
131,
132,
133,
134,nikelabsacai
135,nikelabsacai
136,
137,
138,
139,
140,
141,
142,nikelabsacai
143,
144,
145,
146,
147,
148,
149,
150,
151,
152,
153,
154,nikelabsacai
155,
156,
157,nikelabsacai
158,
159,nikeundercover dunk sky hi
160,
161,nikeroundel
162,
163,
164,
165,
166,
167,
168,
169,
170,
171,
172,
173,
174,
175,takahasi.the nikeundercover gyakusou holiday