idx,title,content,date,body_url
1,The Latest from NIKECRAFT Challenges Pedestrian Poncho Expectations ,"February 08, 2020 – Apparel from  the NIKECRAFT Transitions collection is available February 15. ","February 08, 2020",/news/tom-sachs-nikecraft-poncho-apparel
2,"For Tokyo, Nike Celebrates the Imaginative Spark of Sport","February 05, 2020 – Anchored by long-time partners Jun Takahashi and Chitose Abe, five new collections represent a breadth of international design talent.","February 05, 2020",/news/nike-summer-2020-collaborations
3,Virgil Abloh Turns His Eye to Training Apparel ,"February 03, 2020 – The Nike x Off-White Training Collection releases February 6.","February 03, 2020",/news/nike-x-off-white-training-collection-official-images
4,Jordan Brand and Eight Chicago Collaborators Unite for NBA All-Star 2020,"January 22, 2020 – The Chicago-inspired capsules from the Jordan Chicago Collaborators' Collection release globally February 15.","January 22, 2020",/news/jordan-brand-8x8-collection-nba-all-star-2020
5,Stéphane Ashpool Believes in “the Power of Sport to Move the World”,"January 14, 2020 – With a new court in Mexico City, Pigalle's founder extends his view of basketball as a conduit for community. A fresh collection, including Nike apparel and Converse footwear, serves as uniform for those that join.","January 14, 2020",/news/nike-converse-pigalle-2019-collection-update
6,Kylian Mbappé's First Nike Collection Rooted in Bondy,"December 08, 2019 – An exclusive Mercurial boot headlines the celebration of the 20-year-old Paris Saint-Germain and French national team forward from Northern Paris. ","December 08, 2019",/news/kylian-mbappe-nike-collection-mercurial-superfly-7-airmax-98-draft
7,Nike SB x Oski Drop Orange Label Collection,"December 04, 2019 – The Nike SB Oski Orange Label Collaboration employs a Swoosh shark design throughout the collection and drops globally December 14 at local skate shops.","December 04, 2019",/footwear/nike-sb-oski-orange-label-collection-sb-blazer-sb-dunk-apparel
8,Jordan Brand and Dior Announce New Collaboration,"December 03, 2019 – A limited-edition Air Jordan I High OG, the partnership’s first revealed product, debuted during Dior’s Fall 2020 presentation. ","December 03, 2019",/news/jordan-brand-x-dior-jordan-1-and-official-partnership
9,Embrace Audacity with Nike x Undercover's Winter Collection,"November 22, 2019 – Nike's second capsule with Jun Takahashi's Undercover brings a playful energy to winter doldrums.","November 22, 2019",/news/nike-x-undercover-react-boot-and-am720-official-images
10,Get Outside and Train with Nike x MMW Series 003,"November 19, 2019 – Matthew M. Williams' third Nike collection is a ""best of"" compilation designed to take on cold-weather workouts.","November 19, 2019",/news/nike-x-mmw-series-3
11,"The GOLF le FLEUR* Gianno Takes Converse and Tyler, The Creator’s Relationship to the Outer Limits","November 08, 2019 – Tyler, The Creator’s latest Converse shoe is a new concept from the ground up and has no precedent. ","November 08, 2019",/news/converse-x-tyler-the-creator-golf-le-fleur-gianno
12,Nike c/o Virgil Abloh “Athlete in Progress” Collection,"November 07, 2019 – The second portion of the Nike c/o Virgil Abloh “Athlete in Progress” collection releases November 14.","November 07, 2019",/news/nike-virgil-abloh-athlete-in-progress-terra-kiger-official-release-info
13,Cactus Plant Flea Market Creates a Basketball Icon Mashup,"October 19, 2019 – CPFM’s latest Nike By You project marries the Air Force 1 and the powerful aesthetic sensibility of the Nike Air More Uptempo.","October 19, 2019",/footwear/nike-by-you-cactus-plant-flea-market-air-force-1-release-details
14,The First-Ever FlyEase Jordan and a Host of New Collaborations Highlight the Fearless Ones Collection,"October 18, 2019 – New Air Jordan I styles for men, women and children extend the spirit of the pioneering silhouette.","October 18, 2019",/news/jordan-brand-fearless-ones-air-jordan-i-collection
15,"Olivia Kim’s ""No Cover"" Collection Evokes ‘90s New York Street Fashion","October 17, 2019 – Rooted in the rave and hip-hop styles defining ’90s subculture in New York, the collection unveils five reimagined classic footwear canvases and 16 apparel and accessory pieces.","October 17, 2019",/news/olivia-kim-capsule-no-cover-collection
16,How to Get the New Travis Scott x Jordan Brand Collection,"October 10, 2019 – Release details on Travis Scott's Cactus Jack Air Jordan VI and apparel collection.","October 10, 2019",/news/jordan-brand-travis-scott-collection-air-jordan-6
17,Jun Takahashi Channels the Rebel Spirit of Running for Fall 2019 GYAKUSOU Collection,"September 12, 2019 – A ’70s retro flare meets a modern trail-running kit to celebrate the beauty of finding an individual rhythm.","September 12, 2019",/news/fall-2019-gyakusou-peg-trail-and-apparel
18,Nike x sacai Takes Running Heritage Down a New Path,"August 15, 2019 – The collection drops in September alongside new colorways of the LDWaffle and Blazer.","August 15, 2019",/news/nike-x-sacai-running-apparel-collection-official-images
19,The Nike KYRIE 5 Gets a Bikini Bottom Makeover,"July 22, 2019 – Three new versions of the Nike KYRIE 5 and two of the KYRIE 2 Low feature characters from the beloved TV show ""SpongeBob SquarePants.""","July 22, 2019",/footwear/nike-kyrie-x-spongebob-squarepants-collection
20,Nike SB and Parra Combine for Energetic Collection,"July 20, 2019 – A Blazer, a Dunk and assorted apparel pieces featuring work by the Dutch artist launch July 26. ","July 20, 2019",/news/nike-sb-x-parra-dunk-and-blazer-official-images-and-release-date
21,New Mercurial 360 Builds Upon the Best ,"July 06, 2019 – Made in Italy, the 2019 Mercurial 360 Vapor/Superfly will debut in Blue Fury and Black colorways.","July 06, 2019",/news/2019-mercurial-360-official-images-release-date
22,Matthew M. Williams on the Nike x MMW Free TR 3 SP,"June 06, 2019 – The Nike x MMW Free TR 3 SP launches June 8 at the NikeLab Chicago Re-Creation Center c/o Virgil Abloh. A global release will follow June 27.","June 06, 2019",/footwear/nike-x-mmw-free-tr-3-sp-official-images-and-release-date
23,"Yoon Ahn, Christelle Kocher, Erin Magee and Marine Serre Celebrate the Football Shirt","May 28, 2019 – Four designers reinforce the unifying power of sport.","May 28, 2019",/news/ambush-koche-mademe-marine-serre-nike-soccer-jerseys
24,TakahiroMiyashita TheSoloist. Creates a Transformative Capsule Inspired by the Converse Jack Purcell,"May 21, 2019 – The Converse x TakahiroMiyashita TheSoloist. capsule launches May 23 at Converse.com.","May 21, 2019",/news/converse-x-takahiromiyashita-thesoloist-capsule-official-images-release-date
25,How to Get the Patta x Jordan Collection ,"May 14, 2019 – The Air Jordan VII “Patta” relays a contemporary twist to ’92-era aesthetics.","May 14, 2019",/news/air-jordan-7-patta-official-images-and-release-date
26,The Nike x UNDERCOVER SU19 Collection is Deceptively Multidimensional,"May 07, 2019 – Jun Takahashi brings UNDERCOVER’s distinct design sensibility to sportswear staples.","May 07, 2019",/news/nike-x-undercover-track-suit-t-shirt-and-longsleeve
27,How to Get the Nike x sacai LDWaffle and Blazer Mid,"May 06, 2019 – The Nike x sacai LDWaffle releases May 16 and the Nike x sacai Blazer Mid releases May 30.","May 06, 2019",/news/how-to-get-the-nike-x-sacai-ldwaffle-and-blazer-mid-official-images-release-date
28,How to Get the Nike x CPFM VaporMax 19,"May 03, 2019 – The Nike x CPFM VaporMax 19 releases globally on May 14.","May 03, 2019",/news/nike-x-cactus-plant-flea-market-vapormax-19-official-release-date
29,How to Get the Travis Scott Air Jordan I High OG ,"April 30, 2019 – Like last year’s AJIV, Scott’s AJI relays a story of growing up in the Houston, Texas area. ","April 30, 2019",/news/travis-scott-air-jordan-i-high-og-apparel-collection-official-images-release-date
30,Converse Pushes the Boundaries of Design With This New Collection,"April 23, 2019 – Koché, Feng Chen Wang and Faith Connexion have each worked with the brand to introduce its largest collaborative apparel assortment to date intended for mix-and-match styling.","April 23, 2019",/news/converse-by-koche-x-feng-chen-wang-x-faith-connexion
31,How to Get the Nike x AMBUSH® Air Max 180,"April 19, 2019 – The Nike x AMBUSH® Air Max 180 releases April 26 in Japan and globally on April 27. ","April 19, 2019",/news/how-to-get-the-nike-x-ambush-air-max-180
32,Let the Band Deal with It: The Nike Air Fear of God Raid,"April 02, 2019 – The Nike Air Fear of God SPSU19 collection launches April 27. ","April 02, 2019",/news/nike-fear-of-god-raid-official-images-and-release-date
33,"Air Max Remixed, Recreated, Re-tooled and Re-imagined","March 26, 2019 – Each of these 2019 collaborations with Atmos, CLOT, Heron Preston and Cactus Plant Flea Market offers a distinct take on an Air Max classic.","March 26, 2019",/news/nike-air-max-2019-collaborations-atmos-clot-heron-preston-cactus-plant-flea-market
34,Converse x ASAP Nast Jack Purcell and Apparel ,"March 18, 2019 – A utilitarian vibe appropriately honors Nast's love for the outdoors. It releases March 22. ","March 18, 2019",/news/converse-asap-nast-jack-purcell
35,Say Hello to the Missing Link x Nike Air Max Susan,"March 06, 2019 – Materials and textures of the lovable character's plaid suit are translated to the Nike Air Max 1. The Missing Link x Nike Air Max Susan releases April 9.","March 06, 2019",/news/nike-laika-nike-air-max-susan
36,"Converse and DOE Unveil ""Be Formless"" Collection","February 26, 2019 – Highlighted by a Chuck 70 and a Jack Purcell, the capsule drops March 7. ","February 26, 2019",/news/converse-doe-be-formless-chuck-70-jack-purcell
37,Converse x GOLF le FLEUR* Goes Two-Tone ,"February 18, 2019 – The new collection from Tyler, The Creator will be available February 23 on converse.com and at Golf Wang stores globally.","February 18, 2019",/news/converse-golf-le-fleur-boiler-suit-two-tone-one-star
38,Jun Takahashi's Gyakusou Collection Champions Fluid Functionality ,"February 12, 2019 – The latest collection features the Pegasus Turbo and Vaporfly 4%. It releases February 28. ","February 12, 2019",/news/gyakusou-su19
39,Heron Preston's Apparel Collection Moves the Chains ,"January 30, 2019 – Launching this weekend, the pieces are designed to provide everything needed to hit the field. ","January 30, 2019",/news/heron-preston-football-collection
40,Matthew Williams Continues Dalliance with Data,"January 18, 2019 – Designed for “really hardcore outdoor training,” Williams’ second Nike collection incorporates a camouflage dictated by temperature maps, Sherpa fleece and more. ","January 18, 2019",/news/matthew-williams-collection-2
41,Building the Converse x JW Anderson Run Star Hike,"January 15, 2019 – Debuted during Anderson’s Spring/Summer 2019 Collection show in London, the Converse x JW Anderson Run Star Hike is a declaration on contemporary mash-up culture. ","January 15, 2019",/news/converse-x-jw-anderson-run-star-hike
42,Converse x Perks and Mini “Mutates” the Chuck 70 ,"January 14, 2019 – Engineered with PrimaLoft®, the shoe and associated P.A.M. apparel release January 19. ","January 14, 2019",/news/converse-x-perks-and-mini
43,The PhantomVNM Football Boot is Fit for Finishers,"January 14, 2019 – The design features a series of textured zones to facilitate a powerful strike, but with an understanding that all of the power in the world won’t score without the accuracy to keep the shot on goal.","January 14, 2019",/news/phantomvnm
44,Cav Empt Connects London's Past with Tokyo's Present to Create Its Own Future,"January 11, 2019 – The Nike x Cav Empt collection releases January 5 at Cav Empt's Tokyo store and on cavempt.com. A wider release follows on January 10.","January 11, 2019",/news/cav-empt-air-max-95
45,Vince Staples Samples Running Culture for New Converse Collab,"December 17, 2018 – The Converse x Vince Staples Thunderbolt and associated apparel drops December 18 on converse.com and at select retailers.","December 17, 2018",/news/converse-vince-staples-thunderbolt
46,Martine Rose Celebrates the Superhuman in a Most Human Way,"December 10, 2018 – The Nike x Martine Rose collection hits retail in January.","December 10, 2018",/news/martine-rose-nike-tracksuit-air-monarch
47,Yoon Ahn Represents New Lifestyle,"November 29, 2018 – The celebrated jewelry designer and one half of the brand AMBUSH® drew inspiration from her nonstop pace to infuse the new Nike x AMBUSH® apparel collection with a contemporary vibe that flows through space and time. The pieces drop December 6. ","November 29, 2018",/news/yoon-ambush-air-max-180-apparel-collection
48,Heron Preston’s Great Reminder: Nike is Bigger Than Sneakers,"November 27, 2018 – By choosing the Nike Tailwind sunglasses as a collaborative canvas, New York–based designer Heron Preston sheds light on a lesser-known innovation. The product releases November 29.","November 27, 2018",/news/heron-preston-tailwind-sunglasses
49,Kyrie Irving Taps Concepts for an All-Seeing Collaboration,"November 26, 2018 – Inspired by ancient Egypt and born in Cambridge, Mass., Concepts brings an abstract flare and a local link to Irving’s latest signature shoe.","November 26, 2018",/news/kyrie-5-concepts
50,Air Jordan XI Concord,"November 15, 2018 – The Air Jordan XI Concord returns in its original form for the first time.","November 15, 2018",/news/air-jordan-11-concord
51,Jerry Lorenzo Aims to Awaken the Spirit,"November 12, 2018 – With the Nike Air Fear of God 1 and a new apparel collection, Lorenzo taps into basketball’s most visceral elements. The Nike Air Fear of God collection releases December 15.","November 12, 2018",/news/nike-air-fear-of-god
52,A Visual History of the Nike Air Force 1 ,"November 05, 2018 – How did the Air Force 1 become a shoe icon? Take a look at this illustrative guide.","November 05, 2018",/news/nike-air-force-1-visual-history
53,Union x Air Jordan Capsule Celebrates an Era of Jordan’s Impact on Streetwear,"October 29, 2018 – The capsule, highlighted by the Union x Air Jordan I, releases November 17.","October 29, 2018",/news/union-air-jordan-1-capsule
54,Samuel Ross Wants the Nike x A–COLD–WALL* Capsule Collection to Live,"October 29, 2018 – With apparel and a Nike Zoom Vomero +5, the Nike x A–COLD–WALL* Capsule Collection launches November 17 exclusively in London and a global release follows November 29.","October 29, 2018",/news/nike-zoom-vomero-a-cold-wall
55,Why Flyleather Matters to the Future of Nike Icons,"October 25, 2018 – Take an in-depth look at the various applications of Nike Flyleather as modeled on the Air Force 1. ","October 25, 2018",/news/flyleather-air-force-1
56,Icon Meets Iconoclast: Behind the Converse x Brain Dead Collaboration,"October 23, 2018 – Mixing patterns, materials, silhouettes and more, the Converse x Brain Dead collection gives an irreverent twist to the Chuck 70 and a subversive spin on familiar garments too.","October 23, 2018",/news/icon-meets-iconoclast-behind-the-converse-x-brain-dead-collaboration
57,Nike’s Latest Collection with Patta Broadens Its Collaborative Scope,"October 15, 2018 – Inspired by the phrase ""Publicity. Publicity. Wohooooow!"" Patta’s latest collection with Nike features multiple creative expressions including apparel, footwear and a campaign including 11 artists.","October 15, 2018",/news/nike-x-patta-am-90-x-95-apparel
58, Kendrick Lamar on the Nike Cortez Kenny IV “House Shoe”,"October 11, 2018 – The fourth and final Nike Cortez Kenny releases October 14.","October 11, 2018",/news/kendrick-lamar-nike-cortez-house-shoe
59,How Tom Sachs’ Impromptu Work as Wear-Tester Birthed a Whole New Shoe (Or: The Virtues of a Freakout),"October 06, 2018 – The Nike Mars Yard Overshoe, the New York-based artist’s third collaborative release with Nike, is designed to withstand the city’s messy winters and built to the exact specifications of Sachs himself. It launches October 11 via DSM London; a global release follows in the coming months.","October 06, 2018",/news/tom-sachs-mars-yard-overshoe
60,JW Anderson and Converse Continue Reimagining the Chuck 70 Through Texture and Color  ,"October 04, 2018 – The Converse x JW Anderson “Felt” collection is available globally October 11 on converse.com, j-w-anderson.com and at select retailers. ","October 04, 2018",/footwear/converse-jw-anderson-felt
61,Nike and Virgil Abloh Debut New Track and Field-Inspired Designs in Paris,"September 27, 2018 – A star-studded line-up of Nike track and field athletes walked Virgil Abloh's Paris runway show and debuted a series of new running-led products.","September 27, 2018",/news/nike-and-virgil-abloh-celebrate-track-field-style
62,Jordan Brand Unveils Full PSG Collection ,"September 13, 2018 – Two icons of sport and style join forces on new kits and a lifestyle collection.","September 13, 2018",/news/jordan-brand-paris-saint-germain-psg
63,Converse and Don C Reintroduce the ERX,"September 10, 2018 – Designer Don C links with Converse to bring back one of the brand's most revered late '80s basketball models. ","September 10, 2018",/news/converse-revives-the-erx-a-counterculture-hoops-classic-draft
64,How to Get the Nike React Element 87 x UNDERCOVER,"September 10, 2018 – The Nike React Element 87 x UNDERCOVER is available September 13 at select retailers.","September 10, 2018",/news/how-to-get-the-nike-react-element-87-x-undercover-draft
65,Jordan Brand NFL PE Cleats,"September 06, 2018 – In addition, seven NFL players will join the Jordan family and represent the brand on the gridiron.","September 06, 2018",/news/jordan-brand-nfl-cleats
66,Jordan Brand x Carmelo Anthony x Rag & Bone Capsule,"September 05, 2018 – The Jordan Brand x Carmelo Anthony x Rag & Bone capsule releases late September.","September 05, 2018",/news/carmelo-anthony-rag-bone-jordan-brand
67,Harlem's Fashion Row x LeBron 16,"September 04, 2018 – The HFR x LeBron 16 — the first LeBron signature shoe reimagined by women — is inspired by the strong females in LeBron James’ life. The shoe releases September 7 in limited quantities as an exclusive on SNKRS in North America and on nike.com.","September 04, 2018",/news/hfr-x-lebron-16
68,Converse x Suicidal Tendencies Collection,"August 30, 2018 – The band's Converse collection drops next month in conjunction with the album, ""STill Cyco Punk After All These Years.""","August 30, 2018",/news/converse-suicidal-tendencies-chuck-70-collection
69,Converse x Dr. Woo Reveal Collection ,"August 29, 2018 – The Converse x Dr. Woo collection includes black and white Chuck 70 silhouettes which reveal Sunset Gold and Green Absinthe colorways with use.","August 29, 2018",/news/converse-dr-woo-chuck-70-reveal
70,Justin Timberlake Talks Man of the Woods Inspired Air Jordan 3 JTH,"August 23, 2018 – ""The same way the album is filled with live instrumentation, we wanted the shoe to have the same feeling of being premium and made by hand,” says Timberlake. The Air Jordan III JTH releases on August 28.","August 23, 2018",/news/justin-timberlake-man-of-the-woods-inspired-air-jordan-3-jth
71,Jordan Brand and Vogue AJ1 Zip AWOK and AJ3 AWOK,"August 20, 2018 – The union realized two Air Jordan silhouettes — the AJI Zip AWOK and the AJIII AWOK. The AJI Zip AWOK will be available July 21 and the AJIII AWOK will be available September 7.","August 20, 2018",/news/jordan-brand-vogue-aj1-zip-awok-and-aj3-awok
72,Nike LeBron James x John Elliott Collection and Icon QS,"August 01, 2018 – Comprising a selection of modular apparel and the all-new Nike LeBron James x John Elliott Icon QS sneaker, the collection releases August 4 in North America. ","August 01, 2018",/news/lebron-james-john-elliott-collection-icon-qs
73,Manchester City F.C. Away Kit 2018-19,"July 24, 2018 – The 2018/19 Manchester City away kit is available on nike.com.","July 24, 2018",/news/manchester-city-away-kit-2018-19
74,Converse x JW Anderson Chuck 70 Toy,"July 16, 2018 – The latest release in the ongoing collaborative partnership comes July 19 on converse.com and at select retailers.","July 16, 2018",/news/converse-x-jw-anderson-chuck-70-toy
75,Matthew M Williams Collaborates with Nike on Data-Driven Apparel ,"July 03, 2018 – The Nike x MMW collection releases July 12. ","July 03, 2018",/news/nike-matthew-williams-alyx
76,Nike x Parra Air Max 1 and Zoom Spiridon,"July 02, 2018 – New art, an abstraction of the city and the country, adorns versions of the shoes, along with a sharp new tracksuit, which launch July 21.","July 02, 2018",/news/parra-air-max-1-and-zoom-spiridon
77,Converse x Midnight Studios Chuck 70 and One Star,"June 13, 2018 – Minimal takes on the Chuck 70 and One Star sneakers release June 15 on converse.com and at select retailers.","June 13, 2018",/news/converse-midnight-studios-chuck-70-one-star
78,Jordan Brand and Levi’s Air Jordan 4 and Reversible Trucker Jacket Release Info,"June 07, 2018 – The new washed denim colorways release June 30.","June 07, 2018",/news/jordan-brand-levis-air-jordan-4-white-black-release-date
79,"Nike Introduces Virgil Abloh's “Football, Mon Amour” and Kim Jones' “Football Reimagined” Collections","June 01, 2018 – Virgil Abloh and Kim Jones bring their individual perspectives to the beautiful game in two distinct collections.","June 01, 2018",/news/kim-jones-virgil-abloh-football-collections
80,Introducing the MadeMe and Converse One Star and Apparel Collection,"May 22, 2018 – The designers describe what it was like working on the collection, which is comprised of four One Star Platform silhouettes and an assortment of streetwear, that reflects distinct 90s style through bold colorways and fun riot grrrl-vibe graphics. It releases on May 24 on converse.com and at select global retailers.","May 22, 2018",/news/mademe-x-converse-collection-one-star
81,Introducing the Miley Cyrus Converse Collection,"May 01, 2018 – Her 43-piece debut collection is bold, fun and 100 percent Miley. It releases May 2 on converse.com ","May 01, 2018",/news/revealing-miley-cyrus-collection-with-converse
82,Converse x Virgil Abloh Chuck 70 Release Info,"April 30, 2018 – Find out where the limited-edition shoe will release and how to know when it will be available. ","April 30, 2018",/news/converse-x-virgil-abloh-chuck-70
83,"GOLF le FLEUR* One Star Mono Collection from Tyler, the Creator and Converse ","April 23, 2018 – The GOLF le FLEUR* Mono collection is available April 26 in unisex sizing exclusively from converse.com and golfwang.com. ","April 23, 2018",/footwear/golf-le-fleur-converse-one-star-mono-collection
84,J.W. Anderson x Converse New_Classics Chuck 70,"March 29, 2018 – The final drop in Jonathan Anderson’s first season of collaborative footwear with Converse brings iconic silhouettes further into the designer’s vision. ","March 29, 2018",/news/j-w-anderson-x-converse-chuck-70
85,Nike Mercurial Vapor 360 x Virgil Abloh,"March 28, 2018 – Bridging the gap between foot and eye coordination.","March 28, 2018",/news/mercurial-vapor-360-off-white-virgil-abloh
86,Nike Air VaporMax Moc 2 x ACRONYM® Release Date,"March 23, 2018 – The Nike Air VaporMax Moc 2 x ACRONYM® releases March 23 in all colorways exclusively on acrnm.com.","March 23, 2018",/news/nike-acronym-vapormax-moc-2
87,Filip Pagowski NBA T-Shirts,"March 19, 2018 – The Polish artist, renowned for his editorial and fashion illustration, brings fresh perspective to the league’s franchises. His recast designs appear on a selection of T-shirts launching March 19 exclusively through Nike Connected NBA jerseys. ","March 19, 2018",/news/filip-pagowski-nba-t-shirts
88,Antihero Nike SB Collaboration,"March 09, 2018 – The collection, which includes footwear for Brian Anderson and Grant Taylor, drops March 16. ","March 09, 2018",/news/antihero-nike-sb-collaboration
89,Serena Williams Nike Until We All Win,"March 04, 2018 – ""Until We All Win"" shares Serena's belief that ""there is no wrong way to be a woman.""","March 04, 2018",/news/serena-williams-until-we-all-win
90,Mercurial Superfly 360 x Kim Jones,"March 02, 2018 – The designer's unique take on Nike’s latest football boot innovation will debut on March 6. ","March 02, 2018",/news/kim-jones-mercurial-360
91,The New Converse by JW Anderson Collection,"February 26, 2018 – Coined Simply_Complex, the Converse x JW Anderson collection includes updates to the Thunderbolt and Chuck 70, which will be available March 2 on converse.com, j-w-anderson.com and at JW Anderson stores and select retailers globally.","February 26, 2018",/news/the-new-converse-by-jw-anderson-collection
92,Riccardo Tisci’s Victorious Minotaurs Deliver Mix of Sporty Elegance,"February 08, 2018 – The Italian designer’s latest NikeLab collection offers a new take on the Air Force 1 and basketball inspired garments, including a jersey, jersey dress and pullover hoodie. The new Nike x RT collection will be available February 16.","February 08, 2018",/news/riccardo-tisci-air-force-1-high
93,"Converse Collaborates with Babylon LA, Rokit, RSVP Gallery and CLOT","February 08, 2018 – Each collection responds to the city through the respective perspectives of Babylon LA, Rokit, RSVP Gallery and CLOT.","February 08, 2018",/news/converse-babylon-rokit-rsvp-clot
94,BornxRaised Converse Jack Purcell ,"January 31, 2018 – The collection launches globally February 3 on converse.com and at select retailers. ","January 31, 2018",/news/bornxraised-converse-jack-purcell
95,Converse x Vince Staples Chuck 70,"January 22, 2018 – The Converse x Vince Staples collection features a shoe fans will remember from the Long Beach rapper's recent Life Aquatic tour. ","January 22, 2018",/news/converse-vince-staples-chuck-70
96,Converse x Dr. Woo Chuck 70,"January 17, 2018 – The Converse x Dr. Woo collection releases January 20 on converse.com and at select retailers. ","January 17, 2018",/news/converse-dr-woo-chuck-70
97,"The Latest GOLF le FLEUR* from Tyler, The Creator and Converse Comes in Bold Pastels","January 15, 2018 – It will be available January 18 on converse.com, golfwang.com and at select retailers. ","January 15, 2018",/news/golf-le-fleur-tyler-the-creator-converse
98,Jordan Brand x Levi’s® Air Jordan IV and Reversible Trucker Jacket ,"January 08, 2018 – Jordan Brand and Levi’s® come together for new collaboration. ","January 08, 2018",/news/jordan-brand-levis
99,"Converse, Deviation and Patta Celebrate the Evolution of Club Culture ","December 18, 2017 – Exploring street style over the decades, the Converse x Patta x Deviation collection is available December 21 on converse.com and at select retailers.","December 18, 2017",/news/converse-deviation-patta
100,Silas Adler Isn’t Shy of Provocation ,"December 07, 2017 – The Soulland designer on his second collaboration with Nike SB, the enduring legacy of the Dunk and pushing boundaries.","December 07, 2017",/news/soulland-nike-sb-dunk
101,Opposites Attract in Converse and JW Anderson’s Collaborative GLITTER_GUTTER Collection,"December 07, 2017 – The first drop from this highly anticipated collaboration hits stores December 14.","December 07, 2017",/news/converse-jw-anderson
102,Jay Gordon’s Pendleton x Nike Mowabb is Future Americana,"November 02, 2017 – Launching November 5, Gordon’s two articulations of the Nike iD ACG x Pendleton Mowabb will release at ComplexCon and Bodega Boston respectively.","November 02, 2017",/news/bodega-nike-acg-mowabb-id
103,Explore the NikeLab Gyakusou Holiday Collection,"October 31, 2017 – The winter running apparel fuses Nike’s latest innovations with Takahashi’s unique creativity and experience as a runner. It will be available beginning November 2 at nike.com/lab and at select UNDERCOVER retailers worldwide.
","October 31, 2017",/news/2017-nikelab-gyakusou-holiday-collection
104,"Where To Get Nike and Virgil Abloh's ""The Ten""","October 25, 2017 – Here's the list of global stockists.","October 25, 2017",/news/nike-virgil-abloh-the-ten-release-date
105,Nike and Samuel Ross Present the AF1 A-COLD-WALL*,"October 17, 2017 – The Nike AF1 A-COLD-WALL* is available October 21 exclusively at the A-COLD-WALL* pop-up in London.","October 17, 2017",/news/nike-af1-a-cold-wall
106,"Introducing the GOLF le FLEUR* Collection From Converse and Tyler, The Creator ","October 16, 2017 – The collection, which includes a new articulation of the Converse One Star, launches November 2 at Converse retail stores and on Converse.com.","October 16, 2017",/news/golf-le-fleur-collection-converse-tyler-the-creator
107,UNDFTD Gives the Air Max 97 a Luxury Twist,"September 12, 2017 – The Air Max 97 OG / UNDFTD releases in both black and white colorways exclusively at UNDFTD on September 16. A global launch of the black colorway follows on September 21. ","September 12, 2017",/news/air-max-97-undftd
108,Chelsea FC Returns to Europe’s Elite Competition With Camo Third Kit,"September 12, 2017 – The 2017-18 Chelsea third kit debuts on pitch away to Atlético Madrid on September 27. The kit is available September 12 on nike.com/chelsea and from select retailers.
","September 12, 2017",/news/chelsea-fc-2017-18-third-kit
109,Tottenham Hotspur Unveils Dazzle Camo Third Kit ,"September 12, 2017 – The 2017-18 Tottenham Hotspur third kit is available September 12 from nike.com/tottenhamhotspur and select retailers. ","September 12, 2017",/news/tottenham-hotspur-2017-18-third-kit
110,AS Roma Goes Dark Velvet Brown for 2017-18 Third Kit ,"September 11, 2017 – The new AS Roma third kit will be worn at home on September 16. It is available September 12 on nike.com, asromastore.com and from select retailers.","September 11, 2017",/news/as-roma-2017-18-third-kit
111,F.C. Internazionale Milano’s 2017-18 Third Kit Dazzles with Thunder Blue,"September 11, 2017 – The new F.C. Internazionale Milano Third Kit is available September 12 on nike.com, store.inter.it and from select retailers.","September 11, 2017",/news/f-c-internazionale-milano-2017-18-third-kit
112,Neymar Jr. Reveals Paris Saint Germain Third KIT 2017-18,"September 01, 2017 – The new PSG third kit will be worn during European play. It's available September 12 on nike.com and at official retailers.","September 01, 2017",/news/paris-saint-germain-third-kit-2017-18
113,Exploring the Essence of the Air Max 97,"August 23, 2017 – In celebration of the 20th anniversary of the Nike Air Max 97, six creatives explore the silhouette’s bold character through their own distinct lenses. ","August 23, 2017",/news/air-max-97-movement
114,Skepta on His New Nike Air Max 97 Sk,"August 22, 2017 – The Air Max 97 Sk is available globally starting September 2.","August 22, 2017",/news/skepta-nike-air-max-97
115,Virgil Abloh and Nike Announce New Design Project “The Ten”,"August 21, 2017 – The designer has reconstructed 10 Nike footwear icons.","August 21, 2017",/news/virgil-abloh-nike-the-10
116,"Nike Brings Virgil Abloh, Roger Federer and All-New Customization Concepts to NYC","August 21, 2017 – These experiences, including a first-of-its-kind Roger Federer pop-up shop, redefine personalization and ready the launch of a series of high-heat releases in New York City.","August 21, 2017",/news/nike-brings-virgil-abloh-roger-federer-and-all-new-customization-concepts-to-nyc
117,"Introducing the Nike Air Max 97 LX ""Swarovski""","August 16, 2017 – It's available starting September 7 at select retailers globally.","August 16, 2017",/news/air-max-97-swarovski
118,"Converse and Tyler, the Creator Launch the One Star x Golf Le Fleur Collection","July 27, 2017 – It’s available starting August 3 at Converse retail stores and on Converse.com.","July 27, 2017",/news/converse-tyler-the-creator-golf-le-fleur-collection
119,Manchester City Reveal 2017-18 Away Kit in Los Angeles,"July 25, 2017 – The team will debut the new kit in Los Angeles as part of the International Champions Cup on July 26. It will be available beginning July 27 at nike.com and mancity.com/shop.","July 25, 2017",/news/manchester-city-2017-18-away-kit
120,Chelsea FC and Nike Join Forces To Unveil Home and Away Kits,"July 01, 2017 – The 2017-18 Chelsea FC Home and Away Kits are now available from nike.com/chelsea.","July 01, 2017",/news/chelsea-home-away-kits-2017-18
121,A New Era Dawns: Nike Football Outfits Tottenham Hotspur For 2017-18,"June 30, 2017 – The 2017-18 Tottenham Hotspur Home Kit, Away Kit and full Nike Tottenham Hotspur collection are now available on nike.com/tottenhamhotspur. ","June 30, 2017",/news/tottenham-hotspur-2017-18
122,Paris Saint Germain Away Kit 2017-2018,"June 29, 2017 – The Paris Saint Germain Away kit will be available starting July 1 at nike.com, official stores and retailers.","June 29, 2017",/news/paris-saint-germain-away-kit-2017-2018
123,FC Internazionale Milano Away Kit 2017-18,"June 28, 2017 – The FC Internazionale Milano kit will be available July 1 at Nike.com, store.inter.it and official retailers.","June 28, 2017",/news/fc-internationale-away-kit-2017-18
124,"50 Years On, Nike Reinvents a Classic For Manchester City’s 2017-18 Home Kit","May 31, 2017 – Manchester City Women's Football Club will debut the new home kit against Sunderland on May 31. The 2017-18 Manchester City Home Kit is now available from nike.com.","May 31, 2017",/news/manchester-city-2017-18-home-kit
125,Paris Saint-Germain Home Kit 2017-18,"May 24, 2017 – The new PSG home kit for 2017-2018 allies cutting-edge Aeroswift technology with a contemporary aesthetic, reinterpreting the club’s heritage alongside a fresh application of its signature red, white and blue palette. 
","May 24, 2017",/news/paris-saint-germain-home-kit-2017-18
126,Nike Air VaporMax Reveals the Pinnacle of Air,"February 20, 2017 – The Nike Air VaporMax pays off the full promise of Air — to provide lightweight, consistent cushioning that lasts.","February 20, 2017",/news/air-max-vapor
127,Vince Staples on LA Culture and the Enduring Appeal of the Chuck Taylor,"February 17, 2017 – The second installment of Converse’s Forever Chuck Scenes highlights the Long Beach, CA recording artist.
","February 17, 2017",/news/vince-staples-on-la-culture-and-the-enduring-appeal-of-the-chuck-taylor
128,John McEnroe on Serena Williams,"January 28, 2017 – One game-changing tennis legend reflects on another’s unmatched play and legacy, following her history-making victory.","January 28, 2017",/news/john-mcenroe-on-serena-williams
129,Nike and Jordan Brand Celebrate Serena's #23 VICTORY,"January 28, 2017 – In celebration of Williams' history-making 23rd major title, NikeCourt and Jordan Brand present two color versions of the exclusive women's NikeCourt Flare. ","January 28, 2017",/news/jordan-brand-serena-williams
130,The NikeLab x UNDERCOVER SFB Jungle Dunk,"January 23, 2017 – UNDERCOVER designer Jun Takahashi collaborates with Nike on a new winter boot with ties to basketball, skateboarding and street culture.","January 23, 2017",/news/nikelab-undercover-sfb-jungle-dunk
131,Paris Saint-Germain Away Kit 2016-17,"July 26, 2016 – The Paris Saint-Germain away kit will be available July 27 at Nike.com and official Paris Saint-Germain retailers.","July 26, 2016",/news/paris-saint-germain-away-kit-2016-17
132,Watch Kevin Hart Warm-Up with Serena Williams,"July 12, 2016 – Hart taps Williams for some stretching tips.","July 12, 2016",/news/kevin-hart-serena-williams-stretching
133,22 and Counting,"July 09, 2016 – With her Saturday win, Williams has amassed a total of 22 Grand Slam singles titles, tying the record for the most ever in the Open era. ","July 09, 2016",/news/serena-williams-22-grand-slam
134,Year of the Windrunner: NikeLab x sacai,"December 09, 2015 – As part of Nike's ""Year of the Windrunner"" celebration, NikeLab partners with sacai to reimagine the apparel icon.","December 09, 2015",/news/year-of-the-windrunner-nikelab-x-sacai
135,NikeLab x sacai Fall/Holiday 2015 Collection,"November 03, 2015 – The NikeLab x sacai Fall/Holiday collection is built on a foundation of warm, plush fabrics: Nike Tech Fleece, knits and traditional materials such as wool and leather.","November 03, 2015",/news/nikelab-x-sacai-fall-holiday-2015-collection
136,Comemoração Platinada,"August 10, 2015 – Desejando ao Air Max 95 um feliz aniversário","August 10, 2015",/news/comemoracao-platinada
137,Already Platinum: The Air Max 95's 20th Anniversary Style,"August 10, 2015 – Commemorative jewelry inspires the final celebratory Air Max 95.","August 10, 2015",/news/already-platinum-wishing-the-air-max-95-a-happy-20th-anniversary
138,The Anatomy Of Air: The Artists Behind The X-ray,"July 15, 2015 – Renowned for their interpretations of human anatomy, illustrators Andy Van Dinh and Katie Scott contribute to the 20th anniversary celebration of the Nike Air Max 95.","July 15, 2015",/news/the-anatomy-of-air-the-artists-behind-the-x-ray
139,Nike convida dois artistas para ilustrar conceito anatômico do Air Max 95 ,"July 15, 2015 – Conhecidos por suas interpretações da anatomia humana, Andy Van Dinh e Katie Scott contribuem para o 20º aniversário do Air Max 95 com ilustrações do modelo. ","July 15, 2015",/news/nike-convida-dois-artistas-para-ilustrar-conceito-anatomico-do-air-max-95
140,"Com duas edições ainda mais inovadoras, Nike Air Max 95 comemora 20 anos","July 08, 2015 – Duas décadas depois de seu lançamento, modelo é atualizado em duas novas versões tão surpreendentes quanto a original. ","July 08, 2015",/news/com-duas-edicoes-ainda-mais-inovadoras-nike-air-max-95-comemora-20-anos
141,Anatomy Of Air: Two New Innovative Iterations Celebrate 20 Years of '95,"July 08, 2015 – To mark the twentieth anniversary of the Air Max 95, Nike celebrates with the release of two new models: The Air Max 95 Ultra Jacquard and the Women’s Air Max 95 Ultra. ","July 08, 2015",/news/anatomy-of-air-two-new-innovative-iterations-celebrate-20-years-of-95
142,NikeLab x sacai Summer Collection Blooms with Color and Movement ,"June 04, 2015 – Fluid Designs for a body in motion.","June 04, 2015",/news/nikelab-x-sacai-summer-collection-blooms-with-color-and-movement
143,Yué Wu on Air,"March 26, 2015 – Contributing to the Air Max Day festivities, Paris-based artist Yué Wu illustrates his passion for visible Nike Air.","March 26, 2015",/news/yue-wu-on-air
144,Odell Beckham Jr. on Air,"March 25, 2015 – New York wide receiver Odell Beckham Jr. catches the latest Air Max-inspired looks in Las Vegas with local style leader Valerie Julian.","March 25, 2015",/news/odell-beckham-jr-on-air
145,David Luiz e sua paixão por Air Max,"March 25, 2015 – Zagueiro fala sobre uma mania que cultiva fora de campo e do seu novo estilo de vida em Paris","March 25, 2015",/news/david-luiz-e-sua-paixao-por-air-max
146,David Luiz on Air,"March 25, 2015 – David Luiz tries on sneaker culture in Paris with local expert, Kevin Duong. ","March 25, 2015",/news/david-luiz-on-air
147,Aleksandr Kokorin on Air Featuring L’One,"March 24, 2015 – Football star Aleksandr Kokorin and rap artist L’One are connected by a love for sneakers, music and sport.","March 24, 2015",/news/aleksandr-kokorin-on-air-featuring-l-one
148,Shiho Nakamura on Air,"March 23, 2015 – Tokyo native Shiho Nakamura embodies an emerging women’s sneaker culture in Japan. ","March 23, 2015",/news/shiho-nakamura-on-air
149,Kyle Walker on Air,"March 23, 2015 – English footballer Kyle Walker defends on the pitch and scores as many pairs of Air Max sneakers as possible off it.","March 23, 2015",/news/kyle-walker-on-air
150,From Zero to 1: The Tale of the First Air Max,"March 20, 2015 – The oldest and newest member of the Air Max family.","March 20, 2015",/news/from-zero-to-1-the-tale-of-the-first-air-max
151,De Zero a 1: a história do primeiro Air Max,"March 20, 2015 – O mais velho e mais novo membro da família Air Max","March 20, 2015",/news/de-zero-a-1-a-historia-do-primeiro-air-max
152,Os ícones da família Air Max,"March 16, 2015 – Os nove modelos que marcaram a história do Air Max","March 16, 2015",/news/os-icones-da-familia-air-max
153,Masters of Max: The Air Max Icons,"March 16, 2015 – Nine Air Max silhouettes that stand above the rest. ","March 16, 2015",/news/masters-of-max-the-air-max-icons
154,NikeLab x sacai Brings a Feminine Edge to Sport Classics,"March 12, 2015 – New women's capsule collection redefines Nike icons","March 12, 2015",/news/nikelab-x-sacai
155,Um buquê de Air Max,"February 23, 2015 – Para comemorar o dia internacional da mulher, Nike lança a coleção Nike Air Max 1 Ultra City, que traz versões floridas do modelo","February 23, 2015",/news/um-buque-de-air-max
156,Bouquet of Max: The Nike Air Max 1 Ultra City Collection,"February 23, 2015 – The original Air Max shoe gets a floral facade to celebrate International Women's Day on March 8.","February 23, 2015",/news/bouquet-of-max-the-nike-air-max-1-ultra-city-collection
157,NikeLab x sacai: A Bold Expression of Sport and Style,"February 18, 2015 – Nike partners with fashion house sacai on an innovative collection that completely challenges the existing notion of sport style.","February 18, 2015",/news/nikelab-x-sacai-define-a-new-aesthetic
158,A Breath of Fresh Air: Air Max 1 Ultra Moire,"January 05, 2015 – Lighter and more comfortable, the Air Max 1 only gets better with age.","January 05, 2015",/news/a-breath-of-fresh-air-air-max-1-ultra-moire
159,Nike x UNDERCOVER Dunk Sky Hi Collection,"October 20, 2014 – The latest Dunk Sky Hi gives classic basketball design a new direction.","October 20, 2014",/news/nike-x-undercover-dunk-sky-hi-collection
160,Back to Football,"August 12, 2014 – The beautiful game is back and Nike has all the tools you need to kick-off the new season...","August 12, 2014",/news/back-to-football
161,Nike x Roundel By London Underground Air Max Collection,"December 02, 2013 – Jacquard technology fuses two urban icons for an Air Max collection synonymous with the city of London.","December 02, 2013",/news/nike-x-roundel-by-london-underground-air-max-collection
162,Air On The Moon: The Nike Air Max Lunar90,"December 01, 2013 – Air Max combines with Lunarlon technology to form the ultimate in lightweight comfort.","December 01, 2013",/news/air-on-the-moon-nike-air-max-lunar90
163,David Luiz Traz Ousadia Para Campanha Sejamax,"November 15, 2013 – Zagueiro da Seleção Brasileira superou negativas para brilhar.","November 15, 2013",/news/david-luiz-traz-ousadia-para-campanha-sejamax
164,Maria Clara e Carol Destacam Ipanema na Campanha Sejamax ,"November 12, 2013 – Estilo e força na areia e no calçadão carioca.","November 12, 2013",/news/maria-clara-e-carol-destacam-ipanema-na-campanha-sejamax
165,Scooby Relembra os Primeiros Drops na Campanha Sejamax,"November 10, 2013 – Sessões de foto e filmagem aconteceram na Praia do Recreio, no RJ.","November 10, 2013",/news/scooby-relembra-os-primeiros-drops-na-campanha-sejamax
166,Nike lança Coleção Air Max Camo na Cartel 011,"October 30, 2013 – Estampas criadas para camuflar declaram ousadia nas ruas.","October 30, 2013",/news/nike-lanca-colecao-air-max-camo-na-cartel-011
167,The Nike x Liberty Collection,"October 28, 2013 – Nike and Liberty London come together to release a paisley covered collection for fall.","October 28, 2013",/news/the-nike-x-liberty-collection
168,"The Nike Air Max Reflect Collection: One Shoe, Both Sides of The Spectrum","October 25, 2013 – Transition from neutral to radiant with reflective features.","October 25, 2013",/news/the-nike-air-max-reflect-collection-one-shoe-both-sides-of-the-spectrum
169,Visible Air Just Got More Visible: The Nike Air Max Glow Collection,"October 02, 2013 – Transition from day to night with glow-in-the-dark features.","October 02, 2013",/news/visible-air-just-got-more-visible-the-nike-air-max-glow-collection
170,Celestial Sneakers: The Nike Air Max Thea Woven,"August 22, 2013 – A new Air Max Goddess takes to the streets.","August 22, 2013",/news/celestial-sneakers-the-nike-air-max-thea-woven
171,Nike Air Max 1 VT: Aging has Never Looked so Good,"June 24, 2013 – An Air Max 1 that gets better with time.","June 24, 2013",/news/nike-air-max-1-vt-aging-has-never-looked-so-good
172,Nike PHOTOiD: The Power of an Image Takes on New Meaning,"April 17, 2013 – Powered by NIKEiD for Instagram, a unique HTML5 app takes the Nike Air Max to a new level of self-expression. ","April 17, 2013",/news/nike-photoid-the-power-of-an-image-takes-on-new-meaning
173,Tom Sachs SPACE PROGRAM: MARS,"May 17, 2012 – The four week mission to Mars repurposes 55,000 square feet of the Wade Thompson Drill Hall at the Park Avenue Armory, New York with an installation of dynamic and meticulously crafted sculptures.","May 17, 2012",/news/tom-sachs-space-program-mars
174,Nike and Tom Sachs present Tom Sachs: NIKECraft,"May 10, 2012 – Born from the dynamic between Tom Sachs' D.I.Y. aesthetic and the wide reaching Nike brand, comes an artisanal capsule collection, NIKECraft.","May 10, 2012",/news/nike-and-tom-sachs-present-tom-sachs-nikecraft
175,NIKE x UNDERCOVER presents “Running Monks”,"November 15, 2011 – The Gyakusou International Running Association visits Kyoto.","November 15, 2011",/news/nike-x-undercover-presents-%E2%80%9Crunning-monks%E2%80%9D
